Issue Type,Summary,Epic Name,Epic Link,Description,Labels
Epic,Repository scaffolding & exclusion controls,ZIXHR Scaffolding,,"Establish repository scaffolding and exclusion controls: .gitignore and wp-config-sample.php.",zixhr-wp-workflow
Story,Author .gitignore (Ignore_File),,ZIXHR Scaffolding,"Create .gitignore at repo root excluding wp-config.php, wp-content/uploads/ (recursive), and local noise (*.log, .DS_Store). Requirements: 1.2, 6.3",zixhr-wp-workflow
Story,Author wp-config-sample.php (Sample_Config),,ZIXHR Scaffolding,"Create committed template with placeholder DB credentials, auth keys, and salts only; no live secrets. Requirements: 1.3, 1.4",zixhr-wp-workflow
Story,[Optional] Property test: uploads paths never tracked by Git,,ZIXHR Scaffolding,"Property 4. Generate arbitrary paths under wp-content/uploads/; assert none appear in staged/committed set (>=100 iterations). Validates: 6.3, 6.4",zixhr-wp-workflow;optional;test
Epic,Deploy script logic (scripts/deploy.sh),ZIXHR Deploy Logic,,"Implement the deploy engine in fixed authenticate -> backup -> sync -> finalize order.",zixhr-wp-workflow
Story,"Implement script skeleton, DeployContext, and logging",,ZIXHR Deploy Logic,"Create scripts/deploy.sh with set -euo pipefail, context vars, log() helper, main() calling authenticate->backup->sync->finalize. Requirements: 3.5",zixhr-wp-workflow
Story,Implement authenticate() stage,,ZIXHR Deploy Logic,"SSH with ConnectTimeout=30, up to 3 attempts; on exhaustion log auth-failure and return non-zero so backup/sync never run. Requirements: 3.2, 3.4",zixhr-wp-workflow
Story,Implement backup() stage (Pre_Deploy_Backup),,ZIXHR Deploy Logic,"Timestamped tar (+ optional mysqldump) before any mutation; on failure log backup-failure and abort before sync. Requirements: 5.1, 5.2",zixhr-wp-workflow
Story,Implement sync() stage (Deploy_Sync),,ZIXHR Deploy Logic,"rsync -az --delete excluding wp-config.php, wp-content/uploads, .git; warn (never create) if wp-config.php absent; log sync-failure on error. Requirements: 3.5, 4.1-4.5",zixhr-wp-workflow
Story,Implement finalize() stage (post-sync restoration),,ZIXHR Deploy Logic,"chown -R www-data, chmod 755 dirs / 644 files, wp cache flush under timeout 60; on failure name the failed step. Requirements: 5.3, 5.4, 5.5, 5.6",zixhr-wp-workflow
Story,[Optional] Property test: sync partition (dry-run transfer list),,ZIXHR Deploy Logic,"Property 1. rsync -n with exact excludes; assert transfer list omits wp-config.php and wp-content/uploads (>=100 iterations). Validates: 3.5, 4.1-4.5",zixhr-wp-workflow;optional;test
Story,[Optional] Property test: excluded-asset preservation (sandbox),,ZIXHR Deploy Logic,"Property 1. Seed temp /var/www/html; assert wp-config.php and uploads byte-identical with unchanged perms after success and failure (>=100 iterations). Validates: 4.1, 4.2, 4.5",zixhr-wp-workflow;optional;test
Story,[Optional] Property test: backup-precedes-mutation ordering,,ZIXHR Deploy Logic,"Property 2. Assert sync only runs after backup succeeds; forced backup failure leaves sandbox unchanged (>=100 iterations). Validates: 5.1, 5.2",zixhr-wp-workflow;optional;test
Story,[Optional] Property test: post-sync file-state normalization,,ZIXHR Deploy Logic,"Property 3. After sandbox sync assert dirs 755, files 644, owned by web-server account (>=100 iterations). Validates: 5.3, 5.4",zixhr-wp-workflow;optional;test
Story,[Optional] Unit tests for deploy error branches,,ZIXHR Deploy Logic,"Cover auth failure after 3 attempts (3.4), sync-failure reporting (3.6), missing wp-config.php warning (4.4), backup-failure abort (5.2), post-sync step naming (5.6). Requirements: 3.4, 3.6, 4.4, 5.2, 5.6",zixhr-wp-workflow;optional;test
Epic,Deploy-logic test checkpoint,ZIXHR Deploy Checkpoint,,"Checkpoint: ensure all deploy-logic tests pass before proceeding.",zixhr-wp-workflow
Story,Verify deploy-logic tests pass,,ZIXHR Deploy Checkpoint,"Ensure all deploy-logic tests pass; raise questions if any arise.",zixhr-wp-workflow
Epic,GitHub Actions Deploy_Workflow,ZIXHR Actions Workflow,,"Author the GitHub Actions workflow that runs the deploy on merge to main.",zixhr-wp-workflow
Story,Create .github/workflows/deploy.yml,,ZIXHR Actions Workflow,"Trigger on push to main; concurrency deploy-main (no overlap); checkout, load DEPLOY_SSH_KEY into ssh-agent, run scripts/deploy.sh with DEPLOY_HOST/DEPLOY_USER env. Requirements: 2.4, 3.1",zixhr-wp-workflow
Story,[Optional] Workflow lint / integration checks,,ZIXHR Actions Workflow,"Validate deploy.yml parses and secrets wired; note integration-verified behaviors: merge trigger <=60s (2.4,2.5,3.1), branch protection (2.3), 30s SSH connect (3.2), cache flush <=60s (5.5). Requirements: 2.3, 2.4, 2.5, 3.1, 3.2, 5.5",zixhr-wp-workflow;optional;test
Epic,Setup documentation (docs/SETUP.md),ZIXHR Setup Docs,,"Author docs/SETUP.md capturing Manual - Site_Owner server-side steps.",zixhr-wp-workflow
Story,Write repository-seeding section,,ZIXHR Setup Docs,"Ordered Manual - Site_Owner steps to git init in /var/www/html, apply Ignore_File, first commit; command text, verification, remediation. Requirements: 1.5, 1.6, 8.1-8.3, 8.5, 8.6",zixhr-wp-workflow
Story,Write Deploy_Key and Actions_Secret section,,ZIXHR Setup Docs,"Manual steps to generate deploy key, install public key on VM, store private key + DEPLOY_HOST/DEPLOY_USER as secrets; outputs->consumers, verification, remediation. Requirements: 3.3, 8.1-8.6",zixhr-wp-workflow
Story,Write pull-request process section,,ZIXHR Setup Docs,"Describe feature branch -> PR to main -> >=1 approving review -> merge; note main reflects deployed state. Requirements: 2.6",zixhr-wp-workflow
Story,Write content-management statements,,ZIXHR Setup Docs,"State content/settings are managed exclusively via WordPress Admin, stored in the DB, and excluded from the repo. Requirements: 6.1, 6.2",zixhr-wp-workflow
Story,[Optional] SETUP.md completeness review checklist,,ZIXHR Setup Docs,"Checklist verifying every server-side step is labeled Manual - Site_Owner, dependency-ordered, has command text, output->consumer mapping, verification, remediation. Requirements: 8.1, 8.3-8.6",zixhr-wp-workflow;optional;test
Epic,Maintenance documentation (docs/MAINTENANCE.md),ZIXHR Maintenance Docs,,"Author docs/MAINTENANCE.md for the Manual - Site_Owner OS update/upgrade path.",zixhr-wp-workflow
Story,Write end-of-support and immediate-updates section,,ZIXHR Maintenance Docs,"State Ubuntu 20.04 end-of-standard-support (31 May 2025) and ESM availability; ordered commands + completion indicator for 3 immediate updates; recovery action. Requirements: 7.1, 7.2, 7.5",zixhr-wp-workflow
Story,Write ESM enablement and upgrade-path section,,ZIXHR Maintenance Docs,"Ordered commands + completion indicator to enable ESM and apply 157 ESM updates; do-release-upgrade to 22.04.5 with prerequisites and post-upgrade version indicator; per-step recovery. Requirements: 7.3, 7.4, 7.5",zixhr-wp-workflow
Epic,Final checkpoint,ZIXHR Final Checkpoint,,"Final checkpoint: ensure all tests pass and docs are complete.",zixhr-wp-workflow
Story,Verify all tests pass and docs complete,,ZIXHR Final Checkpoint,"Ensure all tests pass and documentation is complete; raise questions if any arise.",zixhr-wp-workflow
